customer_id,WAREHOUSE,KH_001,KH_002,KH_003,KH_004,KH_005
WAREHOUSE,0.0,5.3419,7.275,6.088,4.1328000000000005,3.29
KH_001,5.5492,0.0,11.870299999999999,3.9425,8.8907,4.7497
KH_002,5.764399999999999,10.8801,0.0,9.173200000000001,4.8711,8.2633
KH_003,6.0368,4.7843,9.823799999999999,0.0,5.918100000000001,2.9307
KH_004,3.5274,8.869299999999999,5.214600000000001,5.9687,0.0,6.026
KH_005,2.9424,4.5443,9.5036,3.1980999999999997,5.2317,0.0
