customer_id,WAREHOUSE,KH_001,KH_002,KH_003,KH_004,KH_005
WAREHOUSE,0.0,2.4766,1.4795,3.0153000000000003,3.0983,0.9267000000000001
KH_001,1.8052000000000001,0.0,2.4545,2.7062,4.1897,1.9212
KH_002,1.6857,2.56,0.0,3.8223000000000003,3.9926999999999997,0.8987
KH_003,2.6754000000000002,2.9214,4.1549,0.0,3.768,3.6021
KH_004,2.8825,4.7191,4.121,3.9304,0.0,3.474
KH_005,0.787,2.5038,1.5066,3.0109,3.094,0.0
