customer_id,WAREHOUSE,KH_001,KH_002,KH_003,KH_004,KH_005,KH_006,KH_007
WAREHOUSE,0.0,2.8215,1.5567,2.2854,3.0525,1.743,2.2826,2.2716
KH_001,2.8082,0.0,3.5735,3.7124,0.9641000000000001,4.639399999999999,3.464,3.6986
KH_002,0.6578999999999999,2.7626,0.0,2.2294,2.9935,1.4284000000000001,1.5264000000000002,2.2157
KH_003,1.6285999999999998,3.6588000000000003,2.3941,0.0,3.8897,3.4600999999999997,3.1198,0.013699999999999999
KH_004,1.8472,1.8627,2.6126,2.7515,0.0,3.6785,2.5031,2.7377
KH_005,1.8235999999999999,3.8538,1.2302,3.1823,4.0847,0.0,2.2731,3.1685
KH_006,1.5688,2.8298,1.0255,3.1373,3.0606999999999998,2.0141,0.0,3.1235999999999997
KH_007,1.6148,3.645,2.3804000000000003,0.013699999999999999,3.876,3.4463000000000004,3.1061,0.0
